"Time","OPERATIONAL_DEMAND NSW1","OPERATIONAL_DEMAND QLD1","OPERATIONAL_DEMAND SA1","OPERATIONAL_DEMAND TAS1","OPERATIONAL_DEMAND VIC1"
2024-06-01 00:00:00,7999,6031,1627,1193,5308
2024-06-01 00:30:00,7795,5872,1602,1166,5122
2024-06-01 01:00:00,7632,5760,1615,1153,4941
2024-06-01 01:30:00,7437,5671,1563,1144,4811
2024-06-01 02:00:00,7190,5603,1507,1137,4673
2024-06-01 02:30:00,6974,5605,1456,1141,4533
2024-06-01 03:00:00,6814,5598,1414,1133,4445
2024-06-01 03:30:00,6711,5604,1369,1125,4403
2024-06-01 04:00:00,6676,5640,1352,1124,4378
2024-06-01 04:30:00,6672,5612,1390,1127,4375
2024-06-01 05:00:00,6736,5608,1362,1125,4426
2024-06-01 05:30:00,6782,5643,1339,1129,4497
2024-06-01 06:00:00,6885,5671,1346,1169,4596
2024-06-01 06:30:00,7046,5778,1377,1198,4791
2024-06-01 07:00:00,7344,5876,1408,1227,4980
2024-06-01 07:30:00,7621,5983,1455,1271,5223
2024-06-01 08:00:00,7941,6034,1517,1321,5492
2024-06-01 08:30:00,8287,6166,1555,1342,5624
2024-06-01 09:00:00,8330,6282,1508,1333,5570
2024-06-01 09:30:00,8482,6116,1365,1338,5380
2024-06-01 10:00:00,8608,6018,1194,1309,5131
2024-06-01 10:30:00,8682,5911,1054,1279,4948
2024-06-01 11:00:00,8725,6161,930,1231,4753
2024-06-01 11:30:00,8711,6179,846,1211,4598
2024-06-01 12:00:00,8792,6241,839,1196,4448
2024-06-01 12:30:00,8947,6252,860,1178,4405
2024-06-01 13:00:00,9025,6093,908,1174,4435
2024-06-01 13:30:00,9086,6086,907,1171,4482
2024-06-01 14:00:00,9061,6253,946,1175,4602
2024-06-01 14:30:00,9066,6350,1016,1185,4694
2024-06-01 15:00:00,9120,6471,1068,1194,4817
2024-06-01 15:30:00,9155,6629,1149,1229,5029
2024-06-01 16:00:00,9304,6804,1205,1252,5279
2024-06-01 16:30:00,9525,6917,1266,1275,5582
2024-06-01 17:00:00,9850,7162,1401,1335,5958
2024-06-01 17:30:00,10049,7405,1594,1397,6294
2024-06-01 18:00:00,10201,7499,1788,1441,6583
2024-06-01 18:30:00,10128,7387,1928,1415,6633
2024-06-01 19:00:00,9929,7228,1954,1401,6587
2024-06-01 19:30:00,9743,7075,1941,1376,6470
2024-06-01 20:00:00,9554,6994,1914,1379,6343
2024-06-01 20:30:00,9416,7003,1887,1389,6219
2024-06-01 21:00:00,9266,6835,1860,1375,6133
2024-06-01 21:30:00,9092,6689,1825,1357,6002
2024-06-01 22:00:00,8869,6478,1768,1329,5846
2024-06-01 22:30:00,8742,6323,1705,1301,5710
2024-06-01 23:00:00,8572,6194,1634,1272,5537
2024-06-01 23:30:00,8362,6031,1565,1240,5537
2024-06-02 00:00:00,8176,5925,1601,1211,5407
2024-06-02 00:30:00,7981,5796,1594,1195,5254
2024-06-02 01:00:00,7768,5702,1581,1182,5096
2024-06-02 01:30:00,7519,5666,1531,1174,4935
2024-06-02 02:00:00,7266,5592,1489,1169,4764
2024-06-02 02:30:00,7067,5503,1452,1170,4656
2024-06-02 03:00:00,6907,5491,1416,1169,4526
2024-06-02 03:30:00,6859,5455,1392,1167,4529
2024-06-02 04:00:00,6806,5432,1341,1169,4457
2024-06-02 04:30:00,6795,5473,1374,1173,4457
2024-06-02 05:00:00,6790,5452,1341,1181,4439
2024-06-02 05:30:00,6847,5474,1334,1193,4525
2024-06-02 06:00:00,6914,5529,1345,1208,4595
2024-06-02 06:30:00,7135,5675,1357,1235,4781
2024-06-02 07:00:00,7354,5726,1363,1260,4935
2024-06-02 07:30:00,7596,5849,1387,1268,5155
2024-06-02 08:00:00,7761,5692,1479,1329,5363
2024-06-02 08:30:00,7826,5530,1526,1373,5552
2024-06-02 09:00:00,7741,5241,1467,1397,5575
2024-06-02 09:30:00,7571,4895,1336,1414,5531
2024-06-02 10:00:00,7229,4541,1178,1395,5388
2024-06-02 10:30:00,7067,4389,1045,1362,5332
2024-06-02 11:00:00,6933,4238,907,1331,5158
2024-06-02 11:30:00,6992,4142,800,1317,5035
2024-06-02 12:00:00,7121,4188,717,1291,5093
2024-06-02 12:30:00,7247,4095,626,1255,5069
2024-06-02 13:00:00,7407,4009,599,1230,5122
2024-06-02 13:30:00,7587,4085,563,1201,5182
2024-06-02 14:00:00,7732,4316,570,1207,4925
2024-06-02 14:30:00,7741,4610,598,1241,4912
2024-06-02 15:00:00,7821,4977,658,1270,5059
2024-06-02 15:30:00,8106,5450,773,1281,5193
2024-06-02 16:00:00,8516,5972,958,1321,5453
2024-06-02 16:30:00,8963,6447,1186,1361,5774
2024-06-02 17:00:00,9460,6873,1414,1415,6195
2024-06-02 17:30:00,9933,7256,1694,1490,6615
2024-06-02 18:00:00,10232,7480,1893,1530,6964
2024-06-02 18:30:00,10253,7475,2057,1529,7000
2024-06-02 19:00:00,10149,7374,2090,1516,6916
2024-06-02 19:30:00,9990,7213,2095,1492,6794
2024-06-02 20:00:00,9807,7159,2070,1454,6680
2024-06-02 20:30:00,9644,7147,2026,1439,6502
2024-06-02 21:00:00,9416,6940,1989,1405,6315
2024-06-02 21:30:00,9150,6760,1925,1367,6107
2024-06-02 22:00:00,8790,6498,1845,1351,5863
2024-06-02 22:30:00,8559,6284,1748,1316,5556
2024-06-02 23:00:00,8325,6135,1651,1273,5313
2024-06-02 23:30:00,8106,5981,1555,1244,5310
2024-06-03 00:00:00,7925,5851,1579,1218,5210
2024-06-03 00:30:00,7738,5762,1605,1201,5060
2024-06-03 01:00:00,7585,5650,1574,1186,4916
2024-06-03 01:30:00,7364,5564,1523,1152,4811
2024-06-03 02:00:00,7164,5503,1500,1168,4684
2024-06-03 02:30:00,6988,5476,1469,1172,4612
2024-06-03 03:00:00,6885,5486,1436,1174,4558
2024-06-03 03:30:00,6932,5445,1404,1174,4560
2024-06-03 04:00:00,6902,5454,1370,1173,4524
2024-06-03 04:30:00,6955,5580,1360,1177,4576
2024-06-03 05:00:00,7051,5711,1344,1192,4620
2024-06-03 05:30:00,7351,5916,1360,1213,4824
2024-06-03 06:00:00,7725,6163,1415,1251,5088
2024-06-03 06:30:00,8404,6574,1495,1317,5597
2024-06-03 07:00:00,9111,6854,1645,1397,6116
2024-06-03 07:30:00,9639,6894,1786,1483,6654
2024-06-03 08:00:00,9788,6611,1942,1531,7085
2024-06-03 08:30:00,9448,6205,1991,1552,7255
2024-06-03 09:00:00,8955,5711,1975,1544,7115
2024-06-03 09:30:00,8700,5290,1941,1504,6994
2024-06-03 10:00:00,8334,4905,1920,1471,6670
2024-06-03 10:30:00,7964,4750,1837,1457,6430
2024-06-03 11:00:00,7492,4583,1766,1429,6235
2024-06-03 11:30:00,7163,4492,1773,1404,6163
2024-06-03 12:00:00,7123,4459,1660,1365,6061
2024-06-03 12:30:00,7334,4395,1672,1364,5993
2024-06-03 13:00:00,7467,4348,1612,1360,5943
2024-06-03 13:30:00,7665,4447,1578,1243,5829
2024-06-03 14:00:00,7581,4637,1585,1333,5813
2024-06-03 14:30:00,7457,4909,1652,1352,5806
2024-06-03 15:00:00,7879,5257,1758,1357,5870
2024-06-03 15:30:00,8174,5715,1791,1352,6126
2024-06-03 16:00:00,8696,6230,1745,1378,6481
2024-06-03 16:30:00,9321,6748,1747,1387,6746
2024-06-03 17:00:00,10034,7209,1919,1413,7078
2024-06-03 17:30:00,10718,7724,2079,1461,7450
2024-06-03 18:00:00,11292,8013,2223,1489,7698
2024-06-03 18:30:00,11361,7973,2324,1476,7646
2024-06-03 19:00:00,11226,7850,2361,1444,7486
2024-06-03 19:30:00,10997,7686,2340,1412,7324
2024-06-03 20:00:00,10800,7585,2277,1377,7151
2024-06-03 20:30:00,10599,7548,2214,1370,6944
2024-06-03 21:00:00,10357,7388,2145,1367,6743
2024-06-03 21:30:00,9936,7168,2050,1330,6505
2024-06-03 22:00:00,9562,6912,1950,1290,6206
2024-06-03 22:30:00,9270,6666,1850,1276,5907
2024-06-03 23:00:00,9033,6452,1724,1246,5680
2024-06-03 23:30:00,8795,6296,1629,1199,5622
2024-06-04 00:00:00,8597,6085,1636,1182,5535
2024-06-04 00:30:00,8496,5960,1623,1161,5358
2024-06-04 01:00:00,8245,5819,1648,1126,5139
2024-06-04 01:30:00,8028,5766,1602,1127,5029
2024-06-04 02:00:00,7762,5695,1561,1132,4865
2024-06-04 02:30:00,7607,5642,1508,1129,4742
2024-06-04 03:00:00,7378,5658,1443,1129,4699
2024-06-04 03:30:00,7252,5682,1398,1130,4637
2024-06-04 04:00:00,7192,5677,1376,1137,4624
2024-06-04 04:30:00,7239,5783,1360,1148,4651
2024-06-04 05:00:00,7375,5929,1365,1154,4713
2024-06-04 05:30:00,7705,6194,1398,1187,4938
2024-06-04 06:00:00,8101,6491,1414,1225,5183
2024-06-04 06:30:00,8798,6884,1497,1306,5649
2024-06-04 07:00:00,9546,7162,1585,1393,6205
2024-06-04 07:30:00,10171,7260,1700,1437,6663
2024-06-04 08:00:00,10302,6949,1841,1471,7094
2024-06-04 08:30:00,10113,6446,1930,1473,7219
2024-06-04 09:00:00,9537,5984,1977,1434,7140
2024-06-04 09:30:00,9113,5699,1955,1389,6998
2024-06-04 10:00:00,8594,5245,1933,1331,6764
2024-06-04 10:30:00,8110,4858,1855,1290,6523
2024-06-04 11:00:00,7763,4704,1779,1241,6172
2024-06-04 11:30:00,7438,4610,1652,1201,5870
2024-06-04 12:00:00,7501,4550,1535,1202,5953
2024-06-04 12:30:00,7648,4407,1498,1204,6135
2024-06-04 13:00:00,7767,4378,1475,1202,6195
2024-06-04 13:30:00,7691,4498,1426,1089,6300
2024-06-04 14:00:00,7631,4727,1437,1186,6413
2024-06-04 14:30:00,8083,5006,1437,1234,6513
2024-06-04 15:00:00,8403,5420,1405,1225,6602
2024-06-04 15:30:00,8637,5878,1370,1245,6647
2024-06-04 16:00:00,9151,6423,1432,1270,6840
2024-06-04 16:30:00,9683,6822,1559,1267,7100
2024-06-04 17:00:00,10263,7288,1694,1324,7340
2024-06-04 17:30:00,10882,7659,1875,1399,7583
2024-06-04 18:00:00,11279,7927,2044,1438,7860
2024-06-04 18:30:00,11334,7948,2145,1429,7835
2024-06-04 19:00:00,11249,7901,2209,1431,7724
2024-06-04 19:30:00,10989,7888,2207,1425,7590
2024-06-04 20:00:00,10706,7886,2181,1420,7416
2024-06-04 20:30:00,10494,7767,2161,1429,7208
2024-06-04 21:00:00,10246,7596,2134,1402,7010
2024-06-04 21:30:00,9858,7334,2061,1363,6743
2024-06-04 22:00:00,9449,7007,1977,1330,6419
2024-06-04 22:30:00,9166,6781,1868,1290,6083
2024-06-04 23:00:00,8868,6544,1751,1241,5830
2024-06-04 23:30:00,8609,6329,1649,1213,5733
2024-06-05 00:00:00,8409,6174,1655,1192,5642
2024-06-05 00:30:00,8299,6034,1697,1166,5462
2024-06-05 01:00:00,8087,5881,1692,1140,5256
2024-06-05 01:30:00,7897,5789,1617,1122,5104
2024-06-05 02:00:00,7640,5762,1577,1111,4951
2024-06-05 02:30:00,7398,5759,1507,1114,4797
2024-06-05 03:00:00,7246,5747,1494,1112,4709
2024-06-05 03:30:00,7153,5749,1458,1114,4654
2024-06-05 04:00:00,7082,5762,1443,1110,4599
2024-06-05 04:30:00,7201,5865,1392,1106,4626
2024-06-05 05:00:00,7290,6026,1392,1101,4698
2024-06-05 05:30:00,7609,6289,1372,1126,4900
2024-06-05 06:00:00,7972,6522,1409,1168,5133
2024-06-05 06:30:00,8625,6937,1469,1250,5591
2024-06-05 07:00:00,9322,7212,1578,1338,6103
2024-06-05 07:30:00,9794,7341,1718,1389,6601
2024-06-05 08:00:00,9964,7163,1884,1446,6986
2024-06-05 08:30:00,9960,6763,1936,1470,7133
2024-06-05 09:00:00,9670,6127,1900,1426,7024
2024-06-05 09:30:00,9480,5648,1815,1372,6923
2024-06-05 10:00:00,9113,5166,1618,1328,6642
2024-06-05 10:30:00,8912,4933,1447,1283,6303
2024-06-05 11:00:00,8697,4753,1308,1243,6043
2024-06-05 11:30:00,8292,4699,1179,1207,5840
2024-06-05 12:00:00,7894,4733,1130,1194,5701
2024-06-05 12:30:00,7805,4657,1085,1199,5647
2024-06-05 13:00:00,8036,4671,1038,1195,5714
2024-06-05 13:30:00,8393,4855,962,1197,5893
2024-06-05 14:00:00,8617,5055,976,1196,6029
2024-06-05 14:30:00,8738,5328,1032,1196,6079
2024-06-05 15:00:00,8827,5670,1051,1219,6056
2024-06-05 15:30:00,9123,6073,1115,1241,6098
2024-06-05 16:00:00,9498,6561,1228,1268,6184
2024-06-05 16:30:00,9880,6976,1350,1273,6390
2024-06-05 17:00:00,10342,7391,1533,1324,6789
2024-06-05 17:30:00,10767,7723,1726,1404,7185
2024-06-05 18:00:00,11123,8013,1926,1429,7342
2024-06-05 18:30:00,11114,7895,2048,1437,7472
2024-06-05 19:00:00,10992,7879,2080,1417,7491
2024-06-05 19:30:00,10730,7737,2075,1367,7324
2024-06-05 20:00:00,10503,7554,2045,1347,7182
2024-06-05 20:30:00,10286,7423,2021,1331,7000
2024-06-05 21:00:00,10035,7307,1983,1337,6753
2024-06-05 21:30:00,9756,7161,1938,1304,6566
2024-06-05 22:00:00,9415,6855,1863,1271,6304
2024-06-05 22:30:00,9167,6651,1768,1221,5969
2024-06-05 23:00:00,8894,6484,1687,1216,5740
2024-06-05 23:30:00,8632,6254,1607,1192,5700
2024-06-06 00:00:00,8454,6154,1627,1162,5578
2024-06-06 00:30:00,8293,5996,1621,1112,5400
2024-06-06 01:00:00,8092,5823,1657,1100,5248
2024-06-06 01:30:00,7839,5710,1612,1083,5088
2024-06-06 02:00:00,7567,5652,1564,1084,4942
2024-06-06 02:30:00,7328,5600,1523,1084,4857
2024-06-06 03:00:00,7115,5544,1470,1082,4742
2024-06-06 03:30:00,7038,5553,1452,1094,4697
2024-06-06 04:00:00,7010,5547,1402,1098,4685
2024-06-06 04:30:00,7085,5618,1413,1112,4713
2024-06-06 05:00:00,7209,5764,1404,1125,4786
2024-06-06 05:30:00,7487,5944,1378,1153,4975
2024-06-06 06:00:00,7809,6217,1395,1192,5206
2024-06-06 06:30:00,8388,6637,1448,1276,5617
2024-06-06 07:00:00,9038,6862,1566,1384,6074
2024-06-06 07:30:00,9506,6978,1687,1476,6535
2024-06-06 08:00:00,9683,6788,1818,1536,6719
2024-06-06 08:30:00,9427,6322,1876,1546,6716
2024-06-06 09:00:00,9154,5786,1825,1489,6745
2024-06-06 09:30:00,8943,5348,1724,1419,6685
2024-06-06 10:00:00,8602,5006,1602,1363,6380
2024-06-06 10:30:00,8472,4818,1494,1337,6113
2024-06-06 11:00:00,8439,4657,1417,1279,5841
2024-06-06 11:30:00,8381,4589,1324,1156,5494
2024-06-06 12:00:00,8418,4570,1282,1187,5123
2024-06-06 12:30:00,8505,4459,1327,1171,4880
2024-06-06 13:00:00,8566,4447,1335,1159,4754
2024-06-06 13:30:00,8720,4528,1363,1150,4767
2024-06-06 14:00:00,8831,4773,1334,1163,4820
2024-06-06 14:30:00,8850,5036,1303,1172,4866
2024-06-06 15:00:00,9022,5420,1289,1190,5051
2024-06-06 15:30:00,9260,5788,1314,1232,5283
2024-06-06 16:00:00,9680,6258,1333,1286,5571
2024-06-06 16:30:00,10057,6669,1394,1341,5962
2024-06-06 17:00:00,10453,7050,1550,1392,6350
2024-06-06 17:30:00,10800,7480,1765,1446,6764
2024-06-06 18:00:00,11087,7782,1922,1476,7127
2024-06-06 18:30:00,11072,7746,2070,1469,7166
2024-06-06 19:00:00,10980,7687,2110,1472,7107
2024-06-06 19:30:00,10792,7609,2104,1455,7020
2024-06-06 20:00:00,10592,7457,2086,1435,6934
2024-06-06 20:30:00,10393,7282,2069,1393,6786
2024-06-06 21:00:00,10146,7250,2046,1369,6610
2024-06-06 21:30:00,9808,7092,2005,1335,6378
2024-06-06 22:00:00,9483,6808,1943,1301,6156
2024-06-06 22:30:00,9267,6591,1847,1257,5868
2024-06-06 23:00:00,9006,6361,1743,1219,5624
2024-06-06 23:30:00,8740,6147,1662,1182,5593
2024-06-07 00:00:00,8540,5979,1692,1148,5521
2024-06-07 00:30:00,8349,5823,1707,1137,5331
2024-06-07 01:00:00,8092,5722,1690,1124,5195
2024-06-07 01:30:00,7850,5605,1618,1136,5078
2024-06-07 02:00:00,7595,5581,1567,1147,4902
2024-06-07 02:30:00,7406,5567,1574,1141,4798
2024-06-07 03:00:00,7209,5540,1501,1140,4721
2024-06-07 03:30:00,7078,5549,1461,1145,4655
2024-06-07 04:00:00,7165,5614,1427,1142,4623
2024-06-07 04:30:00,7091,5709,1392,1156,4686
2024-06-07 05:00:00,7162,5852,1356,1160,4742
2024-06-07 05:30:00,7398,6082,1377,1189,4912
2024-06-07 06:00:00,7770,6385,1379,1236,5151
2024-06-07 06:30:00,8302,6841,1433,1292,5525
2024-06-07 07:00:00,8908,7150,1529,1361,5999
2024-06-07 07:30:00,9398,7269,1616,1421,6437
2024-06-07 08:00:00,9675,6994,1750,1481,6798
2024-06-07 08:30:00,9726,6471,1782,1474,6862
2024-06-07 09:00:00,9580,5946,1727,1440,6664
2024-06-07 09:30:00,9384,5445,1607,1410,6487
2024-06-07 10:00:00,9091,5005,1525,1389,6218
2024-06-07 10:30:00,8956,4775,1414,1366,5961
2024-06-07 11:00:00,8693,4646,1383,1326,5729
2024-06-07 11:30:00,8407,4565,1376,1294,5647
2024-06-07 12:00:00,8339,4548,1378,1257,5523
2024-06-07 12:30:00,8294,4440,1374,1229,5365
2024-06-07 13:00:00,8156,4342,1374,1195,5257
2024-06-07 13:30:00,8067,4411,1377,1186,5171
2024-06-07 14:00:00,8011,4555,1410,1182,5118
2024-06-07 14:30:00,8039,4841,1377,1199,5184
2024-06-07 15:00:00,8198,5200,1405,1207,5318
2024-06-07 15:30:00,8439,5606,1461,1217,5511
2024-06-07 16:00:00,8875,6144,1514,1241,5749
2024-06-07 16:30:00,9362,6746,1602,1280,6104
2024-06-07 17:00:00,9848,7262,1737,1341,6481
2024-06-07 17:30:00,10230,7688,1884,1407,6753
2024-06-07 18:00:00,10462,7952,1980,1444,6956
2024-06-07 18:30:00,10393,7843,2055,1443,6977
2024-06-07 19:00:00,10273,7799,2058,1437,6890
2024-06-07 19:30:00,10085,7688,2022,1431,6770
2024-06-07 20:00:00,9896,7582,1987,1420,6663
2024-06-07 20:30:00,9761,7539,1955,1415,6511
2024-06-07 21:00:00,9594,7487,1922,1393,6358
2024-06-07 21:30:00,9346,7308,1876,1377,6212
2024-06-07 22:00:00,9083,7028,1816,1345,6005
2024-06-07 22:30:00,8954,6766,1741,1315,5766
2024-06-07 23:00:00,8780,6558,1660,1295,5599
2024-06-07 23:30:00,8581,6348,1605,1267,5568
2024-06-08 00:00:00,8395,6150,1646,1198,5450
2024-06-08 00:30:00,8183,5981,1667,1209,5253
2024-06-08 01:00:00,8043,5820,1680,1187,5096
2024-06-08 01:30:00,7794,5719,1618,1180,4886
2024-06-08 02:00:00,7491,5655,1557,1170,4770
2024-06-08 02:30:00,7276,5582,1516,1172,4619
2024-06-08 03:00:00,7153,5517,1466,1170,4506
2024-06-08 03:30:00,6981,5500,1402,1161,4485
2024-06-08 04:00:00,6913,5496,1373,1164,4420
2024-06-08 04:30:00,6921,5565,1361,1169,4419
2024-06-08 05:00:00,6903,5666,1352,1170,4445
2024-06-08 05:30:00,6986,5749,1320,1194,4482
2024-06-08 06:00:00,7098,5850,1350,1207,4613
2024-06-08 06:30:00,7352,6093,1342,1222,4781
2024-06-08 07:00:00,7612,6261,1377,1261,4989
2024-06-08 07:30:00,7952,6327,1398,1299,5226
2024-06-08 08:00:00,8085,6119,1454,1343,5463
2024-06-08 08:30:00,8159,5846,1496,1403,5629
2024-06-08 09:00:00,8086,5423,1520,1433,5633
2024-06-08 09:30:00,7967,4983,1511,1413,5559
2024-06-08 10:00:00,7604,4586,1483,1369,5413
2024-06-08 10:30:00,7262,4438,1377,1340,5209
2024-06-08 11:00:00,7101,4276,1392,1299,5102
2024-06-08 11:30:00,6951,4132,1291,1262,4958
2024-06-08 12:00:00,6622,4097,1211,1232,4952
2024-06-08 12:30:00,6495,4001,1177,1200,5098
2024-06-08 13:00:00,6277,3943,1195,1157,5130
2024-06-08 13:30:00,6168,4042,1091,1165,5146
2024-06-08 14:00:00,6244,4268,1270,1161,5193
2024-06-08 14:30:00,6460,4551,1346,1184,5255
2024-06-08 15:00:00,6712,4931,1415,1200,5321
2024-06-08 15:30:00,7117,5408,1479,1228,5437
2024-06-08 16:00:00,7550,5946,1570,1272,5661
2024-06-08 16:30:00,8133,6419,1636,1331,5876
2024-06-08 17:00:00,8738,6871,1717,1388,6171
2024-06-08 17:30:00,9194,7220,1782,1451,6455
2024-06-08 18:00:00,9480,7449,1855,1482,6610
2024-06-08 18:30:00,9469,7388,1959,1479,6611
2024-06-08 19:00:00,9355,7299,1949,1461,6498
2024-06-08 19:30:00,9199,7197,1932,1448,6338
2024-06-08 20:00:00,9048,7090,1891,1434,6229
2024-06-08 20:30:00,8939,7082,1852,1421,6110
2024-06-08 21:00:00,8834,7115,1814,1400,5951
2024-06-08 21:30:00,8706,6972,1786,1380,5827
2024-06-08 22:00:00,8537,6715,1726,1325,5683
2024-06-08 22:30:00,8437,6540,1670,1298,5465
2024-06-08 23:00:00,8293,6350,1603,1258,5325
2024-06-08 23:30:00,8158,6203,1543,1228,5354
2024-06-09 00:00:00,8036,6038,1595,1205,5284
2024-06-09 00:30:00,7886,5873,1606,1181,5066
2024-06-09 01:00:00,7639,5729,1592,1166,4900
2024-06-09 01:30:00,7442,5695,1536,1153,4759
2024-06-09 02:00:00,7183,5594,1499,1122,4599
2024-06-09 02:30:00,6952,5551,1450,1136,4442
2024-06-09 03:00:00,6782,5514,1418,1146,4341
2024-06-09 03:30:00,6650,5518,1375,1143,4278
2024-06-09 04:00:00,6626,5490,1351,1134,4248
2024-06-09 04:30:00,6695,5532,1365,1140,4236
2024-06-09 05:00:00,6689,5550,1339,1148,4176
2024-06-09 05:30:00,6748,5617,1313,1171,4249
2024-06-09 06:00:00,6862,5745,1240,1183,4286
2024-06-09 06:30:00,7066,5917,1306,1179,4444
2024-06-09 07:00:00,7310,6006,1325,1202,4584
2024-06-09 07:30:00,7596,6029,1363,1233,4758
2024-06-09 08:00:00,7773,5841,1409,1284,4986
2024-06-09 08:30:00,7892,5584,1451,1341,5220
2024-06-09 09:00:00,7726,5208,1421,1357,5339
2024-06-09 09:30:00,7475,4817,1307,1376,5438
2024-06-09 10:00:00,7058,4467,1221,1368,5426
2024-06-09 10:30:00,6627,4396,1189,1353,5351
2024-06-09 11:00:00,6373,4482,1067,1303,5163
2024-06-09 11:30:00,6049,4160,1004,1259,5126
2024-06-09 12:00:00,5725,4156,927,1228,5059
2024-06-09 12:30:00,5618,3968,844,1207,5029
2024-06-09 13:00:00,5556,3967,740,1190,4936
2024-06-09 13:30:00,5605,4152,719,1180,4935
2024-06-09 14:00:00,5831,4624,766,1177,4908
2024-06-09 14:30:00,6095,4779,855,1167,5023
2024-06-09 15:00:00,6471,5017,924,1205,5159
2024-06-09 15:30:00,6996,5608,1018,1228,5328
2024-06-09 16:00:00,7549,5974,1125,1268,5485
2024-06-09 16:30:00,8211,6387,1222,1311,5765
2024-06-09 17:00:00,8761,6895,1361,1354,6049
2024-06-09 17:30:00,9198,7394,1542,1413,6333
2024-06-09 18:00:00,9537,7621,1682,1443,6531
2024-06-09 18:30:00,9612,7584,1839,1457,6582
2024-06-09 19:00:00,9562,7508,1869,1438,6508
2024-06-09 19:30:00,9402,7337,1858,1419,6375
2024-06-09 20:00:00,9287,7183,1836,1380,6272
2024-06-09 20:30:00,9174,7117,1816,1392,6153
2024-06-09 21:00:00,9064,7102,1780,1379,6006
2024-06-09 21:30:00,8866,6905,1733,1362,5905
2024-06-09 22:00:00,8664,6633,1676,1339,5755
2024-06-09 22:30:00,8557,6374,1626,1296,5571
2024-06-09 23:00:00,8391,6227,1558,1266,5404
2024-06-09 23:30:00,8189,6075,1500,1242,5436
2024-06-10 00:00:00,8063,5910,1538,1221,5307
2024-06-10 00:30:00,7853,5795,1510,1199,5116
2024-06-10 01:00:00,7665,5711,1489,1187,4961
2024-06-10 01:30:00,7445,5637,1433,1176,4812
2024-06-10 02:00:00,7225,5618,1394,1170,4636
2024-06-10 02:30:00,7041,5610,1340,1187,4541
2024-06-10 03:00:00,6924,5597,1298,1180,4442
2024-06-10 03:30:00,6826,5610,1260,1185,4398
2024-06-10 04:00:00,6918,5618,1240,1187,4386
2024-06-10 04:30:00,6906,5717,1287,1186,4382
2024-06-10 05:00:00,6920,5874,1255,1197,4412
2024-06-10 05:30:00,7039,6159,1240,1212,4522
2024-06-10 06:00:00,7144,6450,1232,1230,4640
2024-06-10 06:30:00,7421,6887,1244,1240,4842
2024-06-10 07:00:00,7697,7188,1280,1268,5064
2024-06-10 07:30:00,7977,7362,1313,1291,5287
2024-06-10 08:00:00,8082,7073,1366,1355,5546
2024-06-10 08:30:00,8052,6503,1408,1381,5724
2024-06-10 09:00:00,7896,6002,1415,1398,5646
2024-06-10 09:30:00,7628,5524,1407,1385,5476
2024-06-10 10:00:00,7140,5142,1320,1358,5157
2024-06-10 10:30:00,6766,5019,1251,1328,4807
2024-06-10 11:00:00,6488,4817,1302,1294,4504
2024-06-10 11:30:00,6258,4721,1254,1261,4218
2024-06-10 12:00:00,6249,4580,1095,1261,4024
2024-06-10 12:30:00,6461,4514,916,1253,3926
2024-06-10 13:00:00,6395,4457,949,1246,3914
2024-06-10 13:30:00,6216,4544,1111,1234,3932
2024-06-10 14:00:00,6290,4727,1162,1237,4045
2024-06-10 14:30:00,6452,4983,1216,1252,4252
2024-06-10 15:00:00,6796,5281,1188,1270,4614
2024-06-10 15:30:00,7303,5685,1238,1302,5101
2024-06-10 16:00:00,7844,6235,1331,1348,5471
2024-06-10 16:30:00,8546,6734,1428,1406,5760
2024-06-10 17:00:00,9286,7220,1527,1490,6245
2024-06-10 17:30:00,10118,7706,1643,1534,6738
2024-06-10 18:00:00,10598,8011,1766,1575,6992
2024-06-10 18:30:00,10670,7952,1805,1562,7073
2024-06-10 19:00:00,10566,7883,1815,1549,7002
2024-06-10 19:30:00,10373,7757,1791,1529,6883
2024-06-10 20:00:00,10177,7625,1777,1512,6733
2024-06-10 20:30:00,10066,7468,1727,1491,6569
2024-06-10 21:00:00,9838,7383,1682,1455,6417
2024-06-10 21:30:00,9520,7221,1645,1427,6216
2024-06-10 22:00:00,9189,7006,1591,1391,5907
2024-06-10 22:30:00,8966,6786,1531,1351,5667
2024-06-10 23:00:00,8780,6559,1488,1291,5431
2024-06-10 23:30:00,8569,6364,1445,1245,5419
2024-06-11 00:00:00,8388,6213,1505,1230,5346
2024-06-11 00:30:00,8228,6074,1507,1217,5161
2024-06-11 01:00:00,8074,5933,1515,1214,5006
2024-06-11 01:30:00,7888,5792,1485,1201,4832
2024-06-11 02:00:00,7659,5746,1475,1190,4676
2024-06-11 02:30:00,7441,5760,1432,1184,4562
2024-06-11 03:00:00,7268,5710,1407,1185,4457
2024-06-11 03:30:00,7224,5771,1421,1188,4422
2024-06-11 04:00:00,7250,5808,1394,1191,4390
2024-06-11 04:30:00,7254,5912,1366,1189,4429
2024-06-11 05:00:00,7455,6056,1331,1208,4475
2024-06-11 05:30:00,7767,6284,1315,1242,4673
2024-06-11 06:00:00,8144,6577,1324,1284,4957
2024-06-11 06:30:00,8878,7016,1363,1354,5439
2024-06-11 07:00:00,9687,7300,1452,1412,5965
2024-06-11 07:30:00,10138,7405,1542,1481,6451
2024-06-11 08:00:00,10552,7116,1659,1529,6806
2024-06-11 08:30:00,10477,6638,1718,1548,7028
2024-06-11 09:00:00,10198,6047,1764,1568,7109
2024-06-11 09:30:00,9806,5497,1757,1570,7163
2024-06-11 10:00:00,9534,5034,1742,1550,7139
2024-06-11 10:30:00,9230,4811,1682,1518,7072
2024-06-11 11:00:00,8872,4627,1683,1484,7044
2024-06-11 11:30:00,8637,4547,1587,1473,7024
2024-06-11 12:00:00,8420,4513,1433,1463,6972
2024-06-11 12:30:00,8935,4446,1234,1423,7085
2024-06-11 13:00:00,9029,4394,1155,1385,7075
2024-06-11 13:30:00,9109,4486,1137,1374,6995
2024-06-11 14:00:00,8954,4709,1187,1382,6779
2024-06-11 14:30:00,8877,5095,1226,1433,6175
2024-06-11 15:00:00,9044,5444,1275,1431,5967
2024-06-11 15:30:00,9413,5880,1332,1433,6380
2024-06-11 16:00:00,9726,6399,1401,1459,6425
2024-06-11 16:30:00,10079,6862,1401,1482,6694
2024-06-11 17:00:00,10627,7197,1519,1502,6955
2024-06-11 17:30:00,11107,7561,1660,1549,7214
2024-06-11 18:00:00,11507,7877,1789,1577,7544
2024-06-11 18:30:00,11520,7977,1927,1562,7557
2024-06-11 19:00:00,11392,7940,1927,1545,7441
2024-06-11 19:30:00,11081,7805,1892,1530,7273
2024-06-11 20:00:00,10801,7678,1857,1500,7052
2024-06-11 20:30:00,10525,7574,1819,1465,6897
2024-06-11 21:00:00,10231,7412,1774,1446,6658
2024-06-11 21:30:00,9816,7246,1732,1416,6411
2024-06-11 22:00:00,9409,7021,1669,1371,6135
2024-06-11 22:30:00,9119,6750,1597,1338,5857
2024-06-11 23:00:00,8827,6576,1524,1284,5637
2024-06-11 23:30:00,8558,6412,1469,1245,5593
2024-06-12 00:00:00,8346,6236,1511,1212,5513
2024-06-12 00:30:00,8157,6052,1551,1195,5259
2024-06-12 01:00:00,7921,5939,1541,1202,5113
2024-06-12 01:30:00,7759,5851,1483,1209,4992
2024-06-12 02:00:00,7436,5792,1450,1217,4823
2024-06-12 02:30:00,7210,5769,1407,1215,4702
2024-06-12 03:00:00,7036,5741,1379,1215,4625
2024-06-12 03:30:00,6907,5775,1330,1219,4599
2024-06-12 04:00:00,6909,5807,1312,1224,4536
2024-06-12 04:30:00,6983,5896,1319,1195,4618
2024-06-12 05:00:00,7062,6032,1308,1199,4732
2024-06-12 05:30:00,7374,6279,1296,1223,4894
2024-06-12 06:00:00,7785,6575,1318,1259,5142
2024-06-12 06:30:00,8436,7022,1357,1328,5629
2024-06-12 07:00:00,9138,7247,1454,1404,6123
2024-06-12 07:30:00,9656,7372,1533,1493,6622
2024-06-12 08:00:00,9702,7018,1642,1538,6980
2024-06-12 08:30:00,9343,6501,1683,1574,7089
2024-06-12 09:00:00,8754,5953,1598,1548,6925
2024-06-12 09:30:00,8275,5436,1491,1523,6695
2024-06-12 10:00:00,7798,5073,1380,1475,6435
2024-06-12 10:30:00,7451,4927,1234,1429,6110
2024-06-12 11:00:00,7162,4869,1130,1404,5858
2024-06-12 11:30:00,6843,4757,1037,1357,5679
2024-06-12 12:00:00,6791,4603,973,1323,5627
2024-06-12 12:30:00,6737,4475,924,1301,5585
2024-06-12 13:00:00,6720,4385,900,1284,5627
2024-06-12 13:30:00,6789,4478,895,1289,5806
2024-06-12 14:00:00,7067,4602,846,1294,5893
2024-06-12 14:30:00,7421,4929,835,1311,6076
2024-06-12 15:00:00,7979,5304,882,1321,6246
2024-06-12 15:30:00,8390,5729,1009,1329,6403
2024-06-12 16:00:00,8842,6245,1191,1373,6617
2024-06-12 16:30:00,9378,6783,1345,1408,6893
2024-06-12 17:00:00,9980,7219,1485,1473,7218
2024-06-12 17:30:00,10599,7617,1633,1499,7593
2024-06-12 18:00:00,11109,7939,1754,1541,7864
2024-06-12 18:30:00,11217,7905,1937,1552,7851
2024-06-12 19:00:00,11194,7830,1967,1566,7726
2024-06-12 19:30:00,11047,7666,1962,1544,7544
2024-06-12 20:00:00,10881,7545,1948,1522,7376
2024-06-12 20:30:00,10752,7418,1930,1522,7171
2024-06-12 21:00:00,10547,7292,1885,1495,6957
2024-06-12 21:30:00,10175,7115,1831,1474,6699
2024-06-12 22:00:00,9796,6893,1776,1432,6424
2024-06-12 22:30:00,9517,6663,1707,1391,6100
2024-06-12 23:00:00,9199,6430,1607,1349,5851
2024-06-12 23:30:00,8923,6247,1537,1307,5805
2024-06-13 00:00:00,8716,6096,1565,1272,5673
2024-06-13 00:30:00,8546,5944,1585,1240,5496
2024-06-13 01:00:00,8360,5782,1617,1232,5310
2024-06-13 01:30:00,8150,5720,1568,1226,5159
2024-06-13 02:00:00,7914,5660,1540,1226,4992
2024-06-13 02:30:00,7678,5617,1472,1204,4871
2024-06-13 03:00:00,7511,5578,1417,1205,4778
2024-06-13 03:30:00,7431,5604,1373,1210,4743
2024-06-13 04:00:00,7424,5617,1364,1213,4700
2024-06-13 04:30:00,7537,5738,1367,1221,4735
2024-06-13 05:00:00,7619,5870,1334,1235,4823
2024-06-13 05:30:00,8014,6101,1364,1280,5012
2024-06-13 06:00:00,8385,6345,1384,1323,5315
2024-06-13 06:30:00,9042,6733,1411,1406,5749
2024-06-13 07:00:00,9821,7003,1498,1487,6279
2024-06-13 07:30:00,10458,7163,1574,1562,6784
2024-06-13 08:00:00,10687,6865,1701,1608,7221
2024-06-13 08:30:00,10349,6395,1773,1595,7412
2024-06-13 09:00:00,9690,5835,1792,1605,7257
2024-06-13 09:30:00,9336,5325,1787,1572,7284
2024-06-13 10:00:00,8674,4933,1740,1516,7282
2024-06-13 10:30:00,8275,4689,1726,1476,7147
2024-06-13 11:00:00,8273,4559,1744,1433,7012
2024-06-13 11:30:00,7930,4453,1697,1384,6829
2024-06-13 12:00:00,7853,4393,1680,1332,6759
2024-06-13 12:30:00,7947,4326,1632,1351,6771
2024-06-13 13:00:00,7901,4304,1625,1346,6785
2024-06-13 13:30:00,8249,4419,1604,1337,6881
2024-06-13 14:00:00,8488,4624,1529,1337,6976
2024-06-13 14:30:00,8783,4923,1559,1341,7007
2024-06-13 15:00:00,9077,5297,1528,1339,7071
2024-06-13 15:30:00,9319,5724,1555,1321,7049
2024-06-13 16:00:00,9691,6254,1585,1341,7228
2024-06-13 16:30:00,10192,6747,1644,1375,7412
2024-06-13 17:00:00,10698,7207,1746,1398,7625
2024-06-13 17:30:00,11140,7590,1821,1432,7799
2024-06-13 18:00:00,11525,7764,1897,1475,7894
2024-06-13 18:30:00,11596,7844,1986,1473,7821
2024-06-13 19:00:00,11541,7895,1991,1457,7916
2024-06-13 19:30:00,11442,7907,1976,1440,7770
2024-06-13 20:00:00,11199,7889,1954,1419,7584
2024-06-13 20:30:00,10999,7677,1948,1410,7377
2024-06-13 21:00:00,10742,7504,1905,1391,7176
2024-06-13 21:30:00,10343,7290,1849,1391,6869
2024-06-13 22:00:00,9986,7052,1779,1373,6588
2024-06-13 22:30:00,9639,6902,1699,1329,6250
2024-06-13 23:00:00,9331,6667,1614,1249,5960
2024-06-13 23:30:00,9032,6431,1545,1217,5896
2024-06-14 00:00:00,8853,6255,1565,1187,5777
2024-06-14 00:30:00,8633,6095,1560,1189,5580
2024-06-14 01:00:00,8431,5929,1566,1176,5380
2024-06-14 01:30:00,8133,5847,1529,1183,5181
2024-06-14 02:00:00,7873,5811,1493,1169,4975
2024-06-14 02:30:00,7640,5798,1459,1201,4854
2024-06-14 03:00:00,7533,5777,1426,1197,4775
2024-06-14 03:30:00,7397,5810,1404,1199,4721
2024-06-14 04:00:00,7316,5839,1401,1202,4690
2024-06-14 04:30:00,7339,5967,1410,1195,4723
2024-06-14 05:00:00,7469,6149,1425,1206,4805
2024-06-14 05:30:00,7784,6439,1467,1237,4972
2024-06-14 06:00:00,8147,6696,1493,1295,5287
2024-06-14 06:30:00,8800,7122,1499,1354,5737
2024-06-14 07:00:00,9548,7368,1562,1425,6236
2024-06-14 07:30:00,10123,7558,1653,1501,6760
2024-06-14 08:00:00,10374,7238,1756,1563,7149
2024-06-14 08:30:00,10258,6796,1792,1580,7348
2024-06-14 09:00:00,10006,6220,1770,1553,7287
2024-06-14 09:30:00,9838,5764,1742,1517,7191
2024-06-14 10:00:00,9676,5358,1689,1502,6990
2024-06-14 10:30:00,9520,5107,1683,1473,6779
2024-06-14 11:00:00,9308,4917,1699,1455,6575
2024-06-14 11:30:00,9078,4833,1787,1430,6497
2024-06-14 12:00:00,8935,4732,1764,1408,6340
2024-06-14 12:30:00,9083,4647,1725,1382,6164
2024-06-14 13:00:00,9183,4598,1727,1354,6068
2024-06-14 13:30:00,9231,4580,1721,1345,6036
2024-06-14 14:00:00,9156,4764,1631,1339,6114
2024-06-14 14:30:00,9253,5056,1524,1330,6126
2024-06-14 15:00:00,9417,5382,1564,1349,6218
2024-06-14 15:30:00,9635,5874,1605,1377,6371
2024-06-14 16:00:00,10034,6381,1580,1394,6629
2024-06-14 16:30:00,10367,6787,1600,1430,6872
2024-06-14 17:00:00,10873,7197,1696,1461,7175
2024-06-14 17:30:00,11163,7459,1801,1485,7465
2024-06-14 18:00:00,11342,7696,1889,1512,7634
2024-06-14 18:30:00,11251,7701,1963,1507,7621
2024-06-14 19:00:00,11097,7681,1975,1493,7483
2024-06-14 19:30:00,10840,7615,1938,1477,7316
2024-06-14 20:00:00,10597,7513,1895,1455,7193
2024-06-14 20:30:00,10441,7341,1873,1433,7022
2024-06-14 21:00:00,10218,7167,1842,1416,6853
2024-06-14 21:30:00,9905,6991,1810,1392,6677
2024-06-14 22:00:00,9587,6812,1754,1355,6446
2024-06-14 22:30:00,9461,6744,1701,1312,6207
2024-06-14 23:00:00,9190,6612,1629,1305,6001
2024-06-14 23:30:00,8953,6379,1562,1269,5960
2024-06-15 00:00:00,8733,6207,1590,1248,5799
2024-06-15 00:30:00,8496,6026,1575,1235,5602
2024-06-15 01:00:00,8290,5841,1563,1222,5407
2024-06-15 01:30:00,8020,5736,1527,1209,5214
2024-06-15 02:00:00,7732,5678,1480,1202,5033
2024-06-15 02:30:00,7529,5633,1421,1194,4940
2024-06-15 03:00:00,7319,5629,1381,1195,4813
2024-06-15 03:30:00,7160,5626,1346,1197,4753
2024-06-15 04:00:00,7223,5577,1360,1194,4724
2024-06-15 04:30:00,7171,5616,1334,1197,4696
2024-06-15 05:00:00,7148,5692,1318,1188,4715
2024-06-15 05:30:00,7243,5745,1323,1210,4802
2024-06-15 06:00:00,7368,5902,1346,1233,4932
2024-06-15 06:30:00,7599,6110,1337,1253,5130
2024-06-15 07:00:00,7937,6293,1375,1282,5374
2024-06-15 07:30:00,8348,6363,1411,1300,5571
2024-06-15 08:00:00,8751,6319,1462,1350,5897
2024-06-15 08:30:00,9185,6055,1522,1386,6130
2024-06-15 09:00:00,9222,5607,1539,1412,6097
2024-06-15 09:30:00,9221,5141,1516,1427,5939
2024-06-15 10:00:00,9079,4722,1462,1425,5695
2024-06-15 10:30:00,8796,4494,1382,1404,5390
2024-06-15 11:00:00,8570,4330,1294,1364,5130
2024-06-15 11:30:00,8478,4235,1241,1324,4958
2024-06-15 12:00:00,8364,4182,1138,1283,4846
2024-06-15 12:30:00,8340,4081,1149,1266,4676
2024-06-15 13:00:00,8211,4020,1192,1241,4655
2024-06-15 13:30:00,8194,4103,1240,1235,4644
2024-06-15 14:00:00,8323,4290,1257,1239,4702
2024-06-15 14:30:00,8534,4562,1263,1234,4767
2024-06-15 15:00:00,8761,4952,1319,1228,4963
2024-06-15 15:30:00,9032,5435,1375,1256,5185
2024-06-15 16:00:00,9420,5987,1448,1290,5475
2024-06-15 16:30:00,9930,6437,1508,1325,5821
2024-06-15 17:00:00,10394,6847,1648,1400,6245
2024-06-15 17:30:00,10719,7142,1800,1483,6678
2024-06-15 18:00:00,10932,7379,1901,1510,6999
2024-06-15 18:30:00,10878,7361,1995,1500,7026
2024-06-15 19:00:00,10731,7277,2004,1476,6936
2024-06-15 19:30:00,10513,7243,1984,1458,6859
2024-06-15 20:00:00,10354,7201,1941,1431,6746
2024-06-15 20:30:00,10193,7076,1908,1430,6618
2024-06-15 21:00:00,10015,6911,1872,1409,6511
2024-06-15 21:30:00,9755,6762,1836,1382,6417
2024-06-15 22:00:00,9494,6575,1784,1350,6254
2024-06-15 22:30:00,9289,6500,1711,1328,6018
2024-06-15 23:00:00,9045,6343,1643,1298,5847
2024-06-15 23:30:00,8807,6157,1580,1260,5851
2024-06-16 00:00:00,8612,5977,1618,1227,5731
2024-06-16 00:30:00,8372,5809,1608,1216,5536
2024-06-16 01:00:00,8143,5667,1601,1196,5340
2024-06-16 01:30:00,7893,5557,1544,1178,5191
2024-06-16 02:00:00,7604,5513,1506,1173,4954
2024-06-16 02:30:00,7380,5492,1467,1171,4887
2024-06-16 03:00:00,7223,5483,1427,1172,4763
2024-06-16 03:30:00,7201,5431,1417,1175,4717
2024-06-16 04:00:00,7241,5434,1388,1172,4706
2024-06-16 04:30:00,7185,5450,1348,1177,4678
2024-06-16 05:00:00,7181,5522,1316,1184,4674
2024-06-16 05:30:00,7280,5566,1310,1202,4755
2024-06-16 06:00:00,7357,5649,1299,1213,4813
2024-06-16 06:30:00,7669,5829,1305,1237,4986
2024-06-16 07:00:00,8007,5988,1315,1259,5150
2024-06-16 07:30:00,8386,6039,1353,1291,5327
2024-06-16 08:00:00,8670,5928,1426,1336,5615
2024-06-16 08:30:00,8643,5667,1482,1384,5826
2024-06-16 09:00:00,8349,5294,1458,1431,5719
2024-06-16 09:30:00,8071,4870,1341,1460,5623
2024-06-16 10:00:00,7573,4499,1185,1468,5419
2024-06-16 10:30:00,7093,4303,1083,1472,5166
2024-06-16 11:00:00,6724,4109,1012,1464,4833
2024-06-16 11:30:00,6387,4038,866,1449,4598
2024-06-16 12:00:00,6146,3967,767,1429,4499
2024-06-16 12:30:00,6041,3874,698,1428,4445
2024-06-16 13:00:00,5978,3857,654,1420,4570
2024-06-16 13:30:00,6031,4037,625,1406,4701
2024-06-16 14:00:00,6232,4225,638,1412,4854
2024-06-16 14:30:00,6548,4533,679,1412,5059
2024-06-16 15:00:00,6961,4889,757,1412,5248
2024-06-16 15:30:00,7546,5396,866,1422,5569
2024-06-16 16:00:00,8211,5919,1000,1432,5930
2024-06-16 16:30:00,9002,6535,1173,1449,6300
2024-06-16 17:00:00,9833,6983,1389,1467,6624
2024-06-16 17:30:00,10556,7354,1643,1489,6976
2024-06-16 18:00:00,11081,7624,1833,1513,7264
2024-06-16 18:30:00,11209,7654,2017,1495,7279
2024-06-16 19:00:00,11107,7557,2074,1477,7136
2024-06-16 19:30:00,10985,7415,2066,1439,7032
2024-06-16 20:00:00,10803,7329,2042,1433,6881
2024-06-16 20:30:00,10689,7188,2023,1403,6727
2024-06-16 21:00:00,10417,6988,2002,1398,6537
2024-06-16 21:30:00,10073,6807,1958,1412,6289
2024-06-16 22:00:00,9680,6545,1883,1358,6074
2024-06-16 22:30:00,9351,6452,1786,1320,5786
2024-06-16 23:00:00,9029,6391,1696,1277,5552
2024-06-16 23:30:00,8759,6210,1610,1243,5578
2024-06-17 00:00:00,8535,6024,1648,1222,5513
2024-06-17 00:30:00,8371,5841,1645,1198,5362
2024-06-17 01:00:00,8135,5705,1658,1194,5238
2024-06-17 01:30:00,7891,5591,1615,1187,5073
2024-06-17 02:00:00,7649,5584,1572,1179,4933
2024-06-17 02:30:00,7459,5542,1535,1170,4836
2024-06-17 03:00:00,7319,5541,1492,1149,4739
2024-06-17 03:30:00,7262,5566,1454,1152,4701
2024-06-17 04:00:00,7305,5637,1437,1152,4684
2024-06-17 04:30:00,7378,5745,1439,1155,4744
2024-06-17 05:00:00,7537,5887,1421,1193,4781
2024-06-17 05:30:00,7876,6155,1425,1222,4977
2024-06-17 06:00:00,8279,6484,1451,1272,5250
2024-06-17 06:30:00,9017,6966,1510,1347,5764
2024-06-17 07:00:00,9855,7237,1638,1445,6342
2024-06-17 07:30:00,10585,7316,1784,1513,6880
2024-06-17 08:00:00,10830,7148,1961,1561,7328
2024-06-17 08:30:00,10604,6778,2071,1564,7420
2024-06-17 09:00:00,10013,6192,2072,1541,7266
2024-06-17 09:30:00,9627,5672,1981,1551,7006
2024-06-17 10:00:00,9051,5198,1800,1496,6622
2024-06-17 10:30:00,8603,4956,1667,1445,6215
2024-06-17 11:00:00,8313,4789,1489,1404,5858
2024-06-17 11:30:00,8167,4653,1362,1396,5649
2024-06-17 12:00:00,8230,4592,1270,1375,5556
2024-06-17 12:30:00,8292,4456,1257,1350,5480
2024-06-17 13:00:00,8272,4447,1195,1333,5367
2024-06-17 13:30:00,8478,4540,1174,1351,5372
2024-06-17 14:00:00,8559,4742,1347,1342,5337
2024-06-17 14:30:00,8552,4982,1557,1339,5432
2024-06-17 15:00:00,8647,5325,1639,1342,5583
2024-06-17 15:30:00,8906,5835,1697,1361,5773
2024-06-17 16:00:00,9379,6413,1745,1345,6112
2024-06-17 16:30:00,9925,6914,1833,1387,6539
2024-06-17 17:00:00,10589,7484,1935,1455,7033
2024-06-17 17:30:00,11239,7949,2081,1509,7479
2024-06-17 18:00:00,11716,8345,2188,1551,7776
2024-06-17 18:30:00,11700,8400,2301,1550,7585
2024-06-17 19:00:00,11658,8353,2305,1544,7513
2024-06-17 19:30:00,11454,8261,2263,1525,7665
2024-06-17 20:00:00,11173,8093,2200,1499,7564
2024-06-17 20:30:00,10936,7951,2141,1481,7384
2024-06-17 21:00:00,10641,7784,2076,1444,7154
2024-06-17 21:30:00,10243,7555,2003,1419,6914
2024-06-17 22:00:00,9787,7201,1892,1357,6596
2024-06-17 22:30:00,9465,6983,1794,1310,6241
2024-06-17 23:00:00,9168,6788,1704,1277,5960
2024-06-17 23:30:00,8934,6541,1596,1252,5901
2024-06-18 00:00:00,8760,6297,1614,1235,5801
2024-06-18 00:30:00,8537,6106,1617,1230,5603
2024-06-18 01:00:00,8339,5991,1628,1220,5429
2024-06-18 01:30:00,8131,5848,1583,1216,5287
2024-06-18 02:00:00,7882,5844,1552,1208,5107
2024-06-18 02:30:00,7709,5746,1485,1210,5021
2024-06-18 03:00:00,7574,5748,1421,1210,4949
2024-06-18 03:30:00,7468,5780,1400,1213,4890
2024-06-18 04:00:00,7406,5790,1379,1219,4891
2024-06-18 04:30:00,7615,5955,1370,1219,4947
2024-06-18 05:00:00,7717,6065,1375,1254,5024
2024-06-18 05:30:00,7969,6337,1348,1301,5246
2024-06-18 06:00:00,8391,6636,1407,1351,5574
2024-06-18 06:30:00,9109,7138,1448,1437,6144
2024-06-18 07:00:00,9933,7475,1565,1463,6716
2024-06-18 07:30:00,10578,7641,1708,1509,7348
2024-06-18 08:00:00,10799,7390,1865,1556,7794
2024-06-18 08:30:00,10414,6885,1964,1565,7867
2024-06-18 09:00:00,9779,6258,1984,1538,7671
2024-06-18 09:30:00,9142,5687,1931,1497,7435
2024-06-18 10:00:00,8595,5225,1870,1444,7148
2024-06-18 10:30:00,8038,4948,1838,1464,6776
2024-06-18 11:00:00,7530,4740,1797,1421,6341
2024-06-18 11:30:00,7202,4610,1742,1371,5948
2024-06-18 12:00:00,7006,4584,1688,1340,5675
2024-06-18 12:30:00,6871,4487,1693,1320,5564
2024-06-18 13:00:00,6734,4422,1657,1302,5527
2024-06-18 13:30:00,6730,4485,1644,1297,5698
2024-06-18 14:00:00,6855,4657,1580,1309,5777
2024-06-18 14:30:00,7132,4934,1578,1325,5808
2024-06-18 15:00:00,7513,5266,1580,1333,5953
2024-06-18 15:30:00,7983,5725,1604,1346,6114
2024-06-18 16:00:00,8667,6343,1655,1380,6423
2024-06-18 16:30:00,9321,6836,1738,1405,6827
2024-06-18 17:00:00,10047,7321,1817,1444,7277
2024-06-18 17:30:00,10831,7809,1903,1502,7728
2024-06-18 18:00:00,11399,8196,2021,1534,8041
2024-06-18 18:30:00,11570,8217,2142,1550,8138
2024-06-18 19:00:00,11563,8175,2157,1556,8103
2024-06-18 19:30:00,11383,8021,2143,1540,8022
2024-06-18 20:00:00,11214,7993,2113,1509,7892
2024-06-18 20:30:00,11051,7829,2077,1494,7693
2024-06-18 21:00:00,10830,7615,2027,1471,7460
2024-06-18 21:30:00,10436,7395,1955,1443,7204
2024-06-18 22:00:00,9985,7092,1870,1398,6889
2024-06-18 22:30:00,9662,6920,1762,1354,6507
2024-06-18 23:00:00,9320,6717,1655,1300,6238
2024-06-18 23:30:00,9060,6530,1558,1252,6146
2024-06-19 00:00:00,8835,6316,1567,1214,6041
2024-06-19 00:30:00,8650,6154,1555,1182,5841
2024-06-19 01:00:00,8482,6009,1568,1192,5651
2024-06-19 01:30:00,8245,5889,1541,1204,5484
2024-06-19 02:00:00,8034,5860,1527,1200,5344
2024-06-19 02:30:00,7819,5822,1483,1206,5184
2024-06-19 03:00:00,7641,5820,1439,1209,5120
2024-06-19 03:30:00,7531,5840,1417,1220,5067
2024-06-19 04:00:00,7676,5858,1389,1229,5078
2024-06-19 04:30:00,7634,5978,1387,1248,5142
2024-06-19 05:00:00,7713,6133,1337,1256,5228
2024-06-19 05:30:00,8037,6436,1364,1294,5450
2024-06-19 06:00:00,8494,6744,1392,1324,5768
2024-06-19 06:30:00,9312,7243,1449,1383,6342
2024-06-19 07:00:00,10248,7579,1572,1458,6922
2024-06-19 07:30:00,10944,7756,1682,1541,7313
2024-06-19 08:00:00,11143,7537,1830,1605,7894
2024-06-19 08:30:00,10814,7006,1898,1599,8297
2024-06-19 09:00:00,10210,6417,1885,1544,8043
2024-06-19 09:30:00,9610,5859,1740,1510,7696
2024-06-19 10:00:00,9094,5361,1567,1462,7177
2024-06-19 10:30:00,8501,5082,1360,1464,6673
2024-06-19 11:00:00,7974,4920,1240,1450,6245
2024-06-19 11:30:00,7540,4790,1158,1397,5884
2024-06-19 12:00:00,7246,4683,1166,1368,5593
2024-06-19 12:30:00,7065,4616,1033,1363,5345
2024-06-19 13:00:00,6972,4605,992,1343,5234
2024-06-19 13:30:00,6958,4666,1081,1339,5270
2024-06-19 14:00:00,7096,4778,1294,1335,5320
2024-06-19 14:30:00,7318,5054,1293,1341,5459
2024-06-19 15:00:00,7638,5427,1389,1348,5685
2024-06-19 15:30:00,8109,5850,1466,1370,5900
2024-06-19 16:00:00,8821,6411,1479,1412,6299
2024-06-19 16:30:00,9606,6982,1617,1444,6790
2024-06-19 17:00:00,10431,7379,1804,1476,7268
2024-06-19 17:30:00,11267,7815,1964,1530,7762
2024-06-19 18:00:00,11899,8189,2076,1573,8138
2024-06-19 18:30:00,12045,8217,2156,1580,8230
2024-06-19 19:00:00,12056,8148,2156,1574,8220
2024-06-19 19:30:00,11899,8136,2137,1549,8110
2024-06-19 20:00:00,11730,8084,2089,1531,8021
2024-06-19 20:30:00,11569,7898,2048,1511,7811
2024-06-19 21:00:00,11333,7710,2004,1485,7603
2024-06-19 21:30:00,10926,7525,1951,1436,7338
2024-06-19 22:00:00,10439,7254,1859,1412,7007
2024-06-19 22:30:00,10072,7077,1746,1360,6630
2024-06-19 23:00:00,9660,6869,1659,1322,6312
2024-06-19 23:30:00,9312,6662,1582,1266,6212
2024-06-20 00:00:00,9080,6468,1629,1244,6039
2024-06-20 00:30:00,8941,6342,1678,1256,5852
2024-06-20 01:00:00,8682,6187,1620,1254,5661
2024-06-20 01:30:00,8443,6166,1555,1241,5484
2024-06-20 02:00:00,8176,6080,1525,1234,5320
2024-06-20 02:30:00,7987,6049,1458,1233,5161
2024-06-20 03:00:00,7827,6071,1416,1228,5080
2024-06-20 03:30:00,7844,6000,1400,1228,5044
2024-06-20 04:00:00,7726,5984,1351,1234,5000
2024-06-20 04:30:00,7804,6037,1377,1244,5039
2024-06-20 05:00:00,7896,6164,1375,1253,5124
2024-06-20 05:30:00,8252,6457,1400,1279,5328
2024-06-20 06:00:00,8707,6766,1441,1311,5609
2024-06-20 06:30:00,9531,7180,1499,1383,6172
2024-06-20 07:00:00,10499,7506,1615,1465,6743
2024-06-20 07:30:00,11182,7664,1761,1534,7147
2024-06-20 08:00:00,11463,7414,1886,1620,7450
2024-06-20 08:30:00,11256,7298,1997,1620,7738
2024-06-20 09:00:00,10855,6756,1961,1596,7760
2024-06-20 09:30:00,10385,6347,1834,1551,7598
2024-06-20 10:00:00,9796,5922,1723,1509,7255
2024-06-20 10:30:00,9342,5989,1598,1470,6929
2024-06-20 11:00:00,9071,5931,1583,1418,6600
2024-06-20 11:30:00,8883,5742,1592,1406,6353
2024-06-20 12:00:00,8633,5730,1573,1405,6250
2024-06-20 12:30:00,8240,5454,1558,1387,6207
2024-06-20 13:00:00,7943,5423,1541,1383,6204
2024-06-20 13:30:00,7859,5662,1527,1380,6143
2024-06-20 14:00:00,7904,5849,1538,1374,6133
2024-06-20 14:30:00,8047,6066,1491,1368,6148
2024-06-20 15:00:00,8400,6107,1458,1380,6269
2024-06-20 15:30:00,8787,6374,1446,1405,6547
2024-06-20 16:00:00,9398,6781,1488,1435,6791
2024-06-20 16:30:00,10089,7169,1574,1468,7141
2024-06-20 17:00:00,10786,7593,1689,1484,7448
2024-06-20 17:30:00,11419,7758,1875,1497,7788
2024-06-20 18:00:00,11918,7961,2045,1521,8041
2024-06-20 18:30:00,11999,7949,2154,1515,8060
2024-06-20 19:00:00,11961,7892,2204,1500,7973
2024-06-20 19:30:00,11811,7906,2204,1482,7906
2024-06-20 20:00:00,11663,7840,2176,1470,7764
2024-06-20 20:30:00,11510,7670,2151,1477,7569
2024-06-20 21:00:00,11238,7493,2102,1468,7347
2024-06-20 21:30:00,10796,7315,2041,1438,7033
2024-06-20 22:00:00,10298,7062,1961,1403,6737
2024-06-20 22:30:00,9946,6903,1869,1362,6399
2024-06-20 23:00:00,9559,6666,1768,1312,6163
2024-06-20 23:30:00,9217,6446,1660,1247,6071
2024-06-21 00:00:00,8982,6229,1670,1235,5957
2024-06-21 00:30:00,8827,6051,1672,1220,5765
2024-06-21 01:00:00,8562,5912,1643,1234,5547
2024-06-21 01:30:00,8350,5853,1589,1228,5393
2024-06-21 02:00:00,8101,5840,1543,1218,5217
2024-06-21 02:30:00,7867,5811,1482,1208,5069
2024-06-21 03:00:00,7642,5768,1441,1221,4990
2024-06-21 03:30:00,7563,5787,1387,1226,4933
2024-06-21 04:00:00,7527,5828,1377,1244,4939
2024-06-21 04:30:00,7528,5934,1338,1258,4996
2024-06-21 05:00:00,7643,6066,1344,1276,5066
2024-06-21 05:30:00,7989,6310,1363,1314,5288
2024-06-21 06:00:00,8369,6567,1412,1354,5574
2024-06-21 06:30:00,9110,6946,1482,1406,6164
2024-06-21 07:00:00,9915,7252,1614,1471,6706
2024-06-21 07:30:00,10575,7372,1730,1542,7262
2024-06-21 08:00:00,10812,7185,1921,1597,7735
2024-06-21 08:30:00,10675,6951,2044,1617,7999
2024-06-21 09:00:00,10244,6645,1983,1595,7926
2024-06-21 09:30:00,9968,6270,1816,1574,7819
2024-06-21 10:00:00,9470,5764,1636,1543,7550
2024-06-21 10:30:00,8950,5537,1435,1499,7189
2024-06-21 11:00:00,8500,5334,1279,1460,6782
2024-06-21 11:30:00,8033,5222,1167,1409,6532
2024-06-21 12:00:00,7694,5198,1096,1361,6271
2024-06-21 12:30:00,7560,5146,1065,1330,6154
2024-06-21 13:00:00,7624,5234,1126,1315,6036
2024-06-21 13:30:00,7683,5238,1155,1296,6086
2024-06-21 14:00:00,8009,5424,1189,1296,6068
2024-06-21 14:30:00,8256,5749,1199,1296,6118
2024-06-21 15:00:00,8297,6074,1241,1308,6289
2024-06-21 15:30:00,8581,6245,1310,1309,6366
2024-06-21 16:00:00,9086,6570,1322,1334,6620
2024-06-21 16:30:00,9636,6890,1446,1346,6943
2024-06-21 17:00:00,10294,7222,1618,1411,7256
2024-06-21 17:30:00,10876,7476,1821,1465,7596
2024-06-21 18:00:00,11273,7570,1987,1495,7793
2024-06-21 18:30:00,11232,7531,2133,1495,7791
2024-06-21 19:00:00,11167,7538,2159,1486,7700
2024-06-21 19:30:00,11028,7490,2153,1465,7537
2024-06-21 20:00:00,10843,7363,2126,1428,7438
2024-06-21 20:30:00,10715,7210,2102,1450,7282
2024-06-21 21:00:00,10550,7106,2069,1401,7076
2024-06-21 21:30:00,10309,6964,2013,1372,6911
2024-06-21 22:00:00,9965,6751,1949,1366,6682
2024-06-21 22:30:00,9765,6648,1867,1339,6434
2024-06-21 23:00:00,9510,6478,1791,1291,6195
2024-06-21 23:30:00,9254,6298,1703,1256,6126
2024-06-22 00:00:00,9019,6073,1724,1233,5940
2024-06-22 00:30:00,8835,5943,1685,1228,5718
2024-06-22 01:00:00,8612,5785,1670,1215,5509
2024-06-22 01:30:00,8323,5730,1614,1199,5350
2024-06-22 02:00:00,8078,5705,1566,1203,5146
2024-06-22 02:30:00,7820,5708,1513,1203,5000
2024-06-22 03:00:00,7646,5691,1484,1201,4883
2024-06-22 03:30:00,7474,5652,1458,1203,4800
2024-06-22 04:00:00,7354,5661,1415,1208,4763
2024-06-22 04:30:00,7502,5692,1401,1214,4773
2024-06-22 05:00:00,7469,5789,1393,1229,4759
2024-06-22 05:30:00,7547,5834,1380,1242,4866
2024-06-22 06:00:00,7671,5882,1383,1263,4926
2024-06-22 06:30:00,7985,5989,1410,1292,5196
2024-06-22 07:00:00,8367,6096,1474,1326,5414
2024-06-22 07:30:00,8808,6264,1522,1368,5730
2024-06-22 08:00:00,9246,6443,1612,1423,6080
2024-06-22 08:30:00,9543,6590,1675,1456,6272
2024-06-22 09:00:00,9551,6642,1663,1470,6243
2024-06-22 09:30:00,9454,6668,1552,1455,6115
2024-06-22 10:00:00,9227,6679,1392,1420,5892
2024-06-22 10:30:00,9060,6632,1229,1392,5575
2024-06-22 11:00:00,8812,6660,1077,1354,5168
2024-06-22 11:30:00,8472,6558,951,1309,4826
2024-06-22 12:00:00,8278,6384,932,1302,4691
2024-06-22 12:30:00,8301,6203,908,1272,4691
2024-06-22 13:00:00,8278,5967,956,1238,4836
2024-06-22 13:30:00,8254,5730,954,1219,4985
2024-06-22 14:00:00,8279,5575,977,1223,5118
2024-06-22 14:30:00,8375,5602,1029,1239,5245
2024-06-22 15:00:00,8685,5809,1019,1259,5388
2024-06-22 15:30:00,9109,6106,1098,1274,5591
2024-06-22 16:00:00,9509,6400,1181,1303,5873
2024-06-22 16:30:00,9920,6725,1297,1355,6125
2024-06-22 17:00:00,10431,7025,1488,1373,6522
2024-06-22 17:30:00,10843,7366,1692,1438,6877
2024-06-22 18:00:00,11158,7615,1896,1464,7144
2024-06-22 18:30:00,11139,7558,2035,1447,7183
2024-06-22 19:00:00,10970,7556,2082,1443,7063
2024-06-22 19:30:00,10758,7503,2082,1429,6940
2024-06-22 20:00:00,10577,7454,2057,1416,6829
2024-06-22 20:30:00,10445,7299,2039,1406,6738
2024-06-22 21:00:00,10296,7168,2012,1385,6565
2024-06-22 21:30:00,10059,7016,1971,1362,6445
2024-06-22 22:00:00,9766,6835,1916,1331,6301
2024-06-22 22:30:00,9544,6727,1837,1305,6102
2024-06-22 23:00:00,9313,6606,1750,1272,5916
2024-06-22 23:30:00,9065,6553,1663,1230,5883
2024-06-23 00:00:00,8812,6390,1664,1255,5807
2024-06-23 00:30:00,8585,6167,1643,1259,5580
2024-06-23 01:00:00,8328,6008,1655,1244,5400
2024-06-23 01:30:00,8060,5879,1610,1224,5234
2024-06-23 02:00:00,7782,5825,1573,1229,5074
2024-06-23 02:30:00,7583,5753,1586,1223,4912
2024-06-23 03:00:00,7432,5730,1548,1224,4803
2024-06-23 03:30:00,7300,5702,1531,1227,4757
2024-06-23 04:00:00,7202,5691,1482,1225,4709
2024-06-23 04:30:00,7230,5762,1488,1230,4695
2024-06-23 05:00:00,7264,5779,1473,1234,4721
2024-06-23 05:30:00,7277,5868,1457,1238,4794
2024-06-23 06:00:00,7402,5974,1419,1244,4864
2024-06-23 06:30:00,7584,6099,1425,1276,5055
2024-06-23 07:00:00,7881,6250,1446,1286,5229
2024-06-23 07:30:00,8224,6319,1484,1307,5482
2024-06-23 08:00:00,8535,6318,1539,1351,5782
2024-06-23 08:30:00,8739,6137,1624,1383,6014
2024-06-23 09:00:00,8652,5728,1623,1417,6011
2024-06-23 09:30:00,8590,5261,1613,1418,5875
2024-06-23 10:00:00,8183,4873,1570,1383,5542
2024-06-23 10:30:00,7929,4627,1417,1369,5262
2024-06-23 11:00:00,7779,4392,1417,1370,4864
2024-06-23 11:30:00,7721,4295,1309,1329,4521
2024-06-23 12:00:00,7640,4235,1156,1278,4247
2024-06-23 12:30:00,7612,4142,1081,1261,4038
2024-06-23 13:00:00,7475,4096,946,1240,3909
2024-06-23 13:30:00,7415,4200,899,1233,3962
2024-06-23 14:00:00,7468,4380,933,1220,4021
2024-06-23 14:30:00,7593,4610,995,1240,4123
2024-06-23 15:00:00,7867,5047,1023,1262,4388
2024-06-23 15:30:00,8164,5463,1304,1282,4679
2024-06-23 16:00:00,8592,6061,1398,1120,5069
2024-06-23 16:30:00,9153,6561,1596,1209,5568
2024-06-23 17:00:00,9832,6962,1733,1291,6193
2024-06-23 17:30:00,10470,7327,1922,1378,6792
2024-06-23 18:00:00,10960,7652,2059,1488,7221
2024-06-23 18:30:00,11092,7644,2179,1516,7331
2024-06-23 19:00:00,11033,7616,2207,1509,7311
2024-06-23 19:30:00,10900,7537,2163,1487,7242
2024-06-23 20:00:00,10725,7545,2135,1467,7132
2024-06-23 20:30:00,10576,7424,2098,1443,6969
2024-06-23 21:00:00,10354,7227,2044,1440,6790
2024-06-23 21:30:00,10035,7033,1993,1405,6614
2024-06-23 22:00:00,9674,6780,1910,1369,6366
2024-06-23 22:30:00,9372,6626,1819,1326,6085
2024-06-23 23:00:00,9068,6433,1729,1305,5858
2024-06-23 23:30:00,8782,6327,1650,1268,5803
2024-06-24 00:00:00,8555,6163,1658,1249,5733
2024-06-24 00:30:00,8446,6000,1660,1231,5552
2024-06-24 01:00:00,8188,5844,1646,1214,5448
2024-06-24 01:30:00,7988,5796,1622,1195,5355
2024-06-24 02:00:00,7892,5732,1595,1194,5180
2024-06-24 02:30:00,7675,5749,1560,1200,5080
2024-06-24 03:00:00,7534,5739,1530,1202,4972
2024-06-24 03:30:00,7430,5711,1492,1203,4944
2024-06-24 04:00:00,7355,5743,1472,1206,4939
2024-06-24 04:30:00,7415,5865,1466,1222,4957
2024-06-24 05:00:00,7576,5989,1526,1240,5074
2024-06-24 05:30:00,7970,6208,1521,1266,5325
2024-06-24 06:00:00,8430,6489,1573,1317,5537
2024-06-24 06:30:00,9261,6835,1632,1395,6104
2024-06-24 07:00:00,10149,7071,1729,1480,6609
2024-06-24 07:30:00,10905,7192,1846,1557,7207
2024-06-24 08:00:00,11251,6991,2010,1608,7731
2024-06-24 08:30:00,11036,6738,2123,1626,7907
2024-06-24 09:00:00,10436,6365,2174,1597,7824
2024-06-24 09:30:00,9929,5905,2127,1563,7603
2024-06-24 10:00:00,9376,5497,2046,1514,7183
2024-06-24 10:30:00,8730,5166,1879,1486,6861
2024-06-24 11:00:00,8318,4967,1825,1449,6689
2024-06-24 11:30:00,7953,4835,1837,1426,6382
2024-06-24 12:00:00,7673,4759,1891,1389,6065
2024-06-24 12:30:00,7433,4730,1831,1371,5924
2024-06-24 13:00:00,7432,4689,1716,1355,6055
2024-06-24 13:30:00,7405,4850,1707,1313,6368
2024-06-24 14:00:00,7510,5130,1597,1299,6494
2024-06-24 14:30:00,7765,5453,1496,1314,6566
2024-06-24 15:00:00,8225,5804,1636,1317,6608
2024-06-24 15:30:00,8708,6186,1636,1335,6675
2024-06-24 16:00:00,9195,6570,1787,1368,6868
2024-06-24 16:30:00,9792,6937,1806,1412,7111
2024-06-24 17:00:00,10552,7360,1903,1488,7519
2024-06-24 17:30:00,11338,7625,2088,1566,7933
2024-06-24 18:00:00,11929,7947,2249,1605,8261
2024-06-24 18:30:00,12049,7975,2390,1580,8328
2024-06-24 19:00:00,11990,7923,2381,1570,8173
2024-06-24 19:30:00,11784,7840,2364,1547,8026
2024-06-24 20:00:00,11581,7750,2302,1519,7847
2024-06-24 20:30:00,11357,7612,2250,1508,7615
2024-06-24 21:00:00,11054,7397,2185,1486,7373
2024-06-24 21:30:00,10663,7174,2102,1469,7110
2024-06-24 22:00:00,10189,6908,1998,1435,6709
2024-06-24 22:30:00,9842,6730,1863,1377,6346
2024-06-24 23:00:00,9450,6585,1748,1354,6034
2024-06-24 23:30:00,9180,6435,1651,1316,5951
2024-06-25 00:00:00,8972,6224,1663,1283,5828
2024-06-25 00:30:00,8707,6051,1630,1259,5682
2024-06-25 01:00:00,8494,5914,1645,1236,5528
2024-06-25 01:30:00,8284,5783,1614,1237,5366
2024-06-25 02:00:00,8069,5710,1574,1228,5212
2024-06-25 02:30:00,7889,5687,1532,1226,5090
2024-06-25 03:00:00,7737,5668,1483,1213,5008
2024-06-25 03:30:00,7612,5701,1445,1230,4918
2024-06-25 04:00:00,7604,5739,1433,1220,4907
2024-06-25 04:30:00,7733,5882,1451,1224,4945
2024-06-25 05:00:00,7943,6012,1461,1239,4986
2024-06-25 05:30:00,8331,6169,1483,1256,5234
2024-06-25 06:00:00,8814,6358,1511,1318,5421
2024-06-25 06:30:00,9538,6720,1560,1395,5936
2024-06-25 07:00:00,10418,6845,1681,1485,6465
2024-06-25 07:30:00,11165,6955,1821,1523,6933
2024-06-25 08:00:00,11424,6895,1974,1575,7341
2024-06-25 08:30:00,11064,6753,2074,1577,7534
2024-06-25 09:00:00,10455,6394,2010,1558,7375
2024-06-25 09:30:00,9797,6098,1866,1522,7136
2024-06-25 10:00:00,9193,5865,1731,1475,6632
2024-06-25 10:30:00,8561,5665,1654,1460,6337
2024-06-25 11:00:00,8068,5373,1636,1439,6154
2024-06-25 11:30:00,7634,5229,1710,1388,6125
2024-06-25 12:00:00,7349,5211,1821,1377,5935
2024-06-25 12:30:00,7170,5160,1858,1378,5583
2024-06-25 13:00:00,7020,5142,2075,1379,5167
2024-06-25 13:30:00,7055,5272,2024,1376,5114
2024-06-25 14:00:00,7192,5378,1949,1365,5104
2024-06-25 14:30:00,7384,5519,2178,1385,5249
2024-06-25 15:00:00,7652,5752,2107,1404,5426
2024-06-25 15:30:00,8166,6103,2186,1405,5652
2024-06-25 16:00:00,8794,6531,2180,1437,6009
2024-06-25 16:30:00,9515,6934,2208,1423,6414
2024-06-25 17:00:00,10245,7312,2307,1478,6755
2024-06-25 17:30:00,10952,7654,2402,1530,7136
2024-06-25 18:00:00,11479,7870,2488,1559,7613
2024-06-25 18:30:00,11560,7785,2549,1553,7648
2024-06-25 19:00:00,11494,7794,2538,1527,7613
2024-06-25 19:30:00,11265,7628,2495,1501,7487
2024-06-25 20:00:00,11065,7522,2419,1482,7359
2024-06-25 20:30:00,10880,7477,2358,1464,7174
2024-06-25 21:00:00,10644,7287,2282,1473,6957
2024-06-25 21:30:00,10270,7057,2203,1455,6677
2024-06-25 22:00:00,9822,6838,2105,1407,6415
2024-06-25 22:30:00,9509,6689,1985,1363,6123
2024-06-25 23:00:00,9216,6453,1864,1310,5913
2024-06-25 23:30:00,8946,6247,1757,1267,5856
2024-06-26 00:00:00,8714,6043,1756,1229,5780
2024-06-26 00:30:00,8617,5858,1736,1200,5559
2024-06-26 01:00:00,8378,5723,1730,1196,5397
2024-06-26 01:30:00,8173,5650,1693,1183,5281
2024-06-26 02:00:00,7923,5560,1685,1172,5087
2024-06-26 02:30:00,7730,5536,1643,1171,4966
2024-06-26 03:00:00,7559,5564,1612,1166,4890
2024-06-26 03:30:00,7476,5555,1580,1155,4844
2024-06-26 04:00:00,7528,5574,1567,1167,4819
2024-06-26 04:30:00,7543,5654,1562,1165,4815
2024-06-26 05:00:00,7679,5791,1518,1147,4875
2024-06-26 05:30:00,8036,5963,1495,1210,5107
2024-06-26 06:00:00,8510,6205,1500,1211,5374
2024-06-26 06:30:00,9266,6552,1536,1271,5821
2024-06-26 07:00:00,10032,6765,1650,1343,6277
2024-06-26 07:30:00,10670,6984,1766,1422,6686
2024-06-26 08:00:00,10799,6901,1926,1467,6862
2024-06-26 08:30:00,10462,6740,2050,1469,7070
2024-06-26 09:00:00,9783,6259,2048,1454,7023
2024-06-26 09:30:00,9119,5922,1923,1422,6693
2024-06-26 10:00:00,8580,5571,1806,1374,6238
2024-06-26 10:30:00,7955,5353,1675,1398,5845
2024-06-26 11:00:00,7490,5265,1613,1378,5551
2024-06-26 11:30:00,7112,5266,1519,1377,5369
2024-06-26 12:00:00,6791,5315,1546,1373,5319
2024-06-26 12:30:00,6655,5261,1573,1377,5273
2024-06-26 13:00:00,6533,5231,1611,1377,5248
2024-06-26 13:30:00,6608,5353,1661,1356,5317
2024-06-26 14:00:00,6738,5589,1643,1338,5392
2024-06-26 14:30:00,7002,5902,1594,1344,5574
2024-06-26 15:00:00,7351,6074,1656,1371,5669
2024-06-26 15:30:00,7869,6302,1727,1407,5779
2024-06-26 16:00:00,8387,6675,1712,1422,6123
2024-06-26 16:30:00,8991,6959,1791,1427,6427
2024-06-26 17:00:00,9604,7257,1941,1482,6824
2024-06-26 17:30:00,10223,7564,2065,1551,7203
2024-06-26 18:00:00,10722,7744,2185,1613,7541
2024-06-26 18:30:00,10861,7684,2272,1589,7561
2024-06-26 19:00:00,10826,7589,2287,1574,7476
2024-06-26 19:30:00,10708,7519,2256,1547,7395
2024-06-26 20:00:00,10550,7380,2200,1522,7250
2024-06-26 20:30:00,10389,7278,2138,1504,7089
2024-06-26 21:00:00,10190,7092,2089,1525,6888
2024-06-26 21:30:00,9950,6962,2013,1501,6707
2024-06-26 22:00:00,9639,6779,1904,1444,6392
2024-06-26 22:30:00,9419,6615,1796,1390,6084
2024-06-26 23:00:00,9126,6431,1688,1341,5802
2024-06-26 23:30:00,8821,6255,1591,1301,5788
2024-06-27 00:00:00,8612,6031,1610,1267,5722
2024-06-27 00:30:00,8422,5861,1624,1246,5563
2024-06-27 01:00:00,8224,5725,1623,1241,5382
2024-06-27 01:30:00,8003,5635,1577,1224,5210
2024-06-27 02:00:00,7760,5577,1557,1202,5039
2024-06-27 02:30:00,7543,5512,1475,1172,4907
2024-06-27 03:00:00,7393,5504,1427,1178,4803
2024-06-27 03:30:00,7346,5499,1398,1180,4797
2024-06-27 04:00:00,7333,5532,1378,1179,4779
2024-06-27 04:30:00,7390,5608,1364,1190,4781
2024-06-27 05:00:00,7560,5694,1354,1201,4860
2024-06-27 05:30:00,7946,5877,1370,1242,5079
2024-06-27 06:00:00,8310,6089,1378,1276,5256
2024-06-27 06:30:00,9009,6448,1422,1357,5725
2024-06-27 07:00:00,9778,6631,1518,1425,6259
2024-06-27 07:30:00,10379,6816,1629,1437,6739
2024-06-27 08:00:00,10585,6860,1775,1488,7135
2024-06-27 08:30:00,10205,6893,1874,1503,7217
2024-06-27 09:00:00,9517,6537,1875,1485,6938
2024-06-27 09:30:00,8952,5980,1784,1441,6587
2024-06-27 10:00:00,8410,5707,1686,1418,6161
2024-06-27 10:30:00,7837,5627,1600,1388,5746
2024-06-27 11:00:00,7358,5673,1598,1322,5403
2024-06-27 11:30:00,6948,5635,1600,1233,5215
2024-06-27 12:00:00,6625,5825,1507,1232,5076
2024-06-27 12:30:00,6511,5807,1448,1254,5056
2024-06-27 13:00:00,6476,5578,1480,1245,5116
2024-06-27 13:30:00,6562,5696,1444,1224,5123
2024-06-27 14:00:00,6712,5892,1471,1226,5236
2024-06-27 14:30:00,6926,5893,1391,1224,5300
2024-06-27 15:00:00,7230,6002,1298,1231,5406
2024-06-27 15:30:00,7676,6378,1300,1261,5626
2024-06-27 16:00:00,8312,6729,1291,1295,5926
2024-06-27 16:30:00,8967,6997,1436,1329,6230
2024-06-27 17:00:00,9691,7285,1637,1364,6600
2024-06-27 17:30:00,10416,7536,1789,1382,7019
2024-06-27 18:00:00,11007,7711,1970,1430,7431
2024-06-27 18:30:00,11159,7738,2119,1438,7568
2024-06-27 19:00:00,11194,7699,2170,1428,7538
2024-06-27 19:30:00,11083,7506,2183,1407,7439
2024-06-27 20:00:00,10964,7422,2156,1362,7279
2024-06-27 20:30:00,10826,7327,2131,1343,7137
2024-06-27 21:00:00,10659,7144,2075,1309,6929
2024-06-27 21:30:00,10257,6938,2019,1282,6705
2024-06-27 22:00:00,9913,6772,1953,1250,6438
2024-06-27 22:30:00,9599,6595,1845,1211,6106
2024-06-27 23:00:00,9315,6376,1747,1173,5846
2024-06-27 23:30:00,9034,6185,1673,1135,5855
2024-06-28 00:00:00,8802,5992,1684,1182,5785
2024-06-28 00:30:00,8562,5833,1665,1186,5589
2024-06-28 01:00:00,8406,5741,1670,1183,5437
2024-06-28 01:30:00,8175,5608,1629,1179,5303
2024-06-28 02:00:00,7966,5575,1620,1198,5162
2024-06-28 02:30:00,7766,5563,1562,1202,5009
2024-06-28 03:00:00,7654,5539,1517,1203,4904
2024-06-28 03:30:00,7511,5530,1479,1208,4855
2024-06-28 04:00:00,7469,5542,1442,1207,4857
2024-06-28 04:30:00,7578,5580,1485,1210,4892
2024-06-28 05:00:00,7822,5717,1487,1228,4961
2024-06-28 05:30:00,8153,5871,1494,1257,5182
2024-06-28 06:00:00,8572,6100,1521,1286,5436
2024-06-28 06:30:00,9244,6408,1537,1351,5883
2024-06-28 07:00:00,10006,6573,1613,1426,6311
2024-06-28 07:30:00,10667,6595,1720,1491,6755
2024-06-28 08:00:00,10868,6500,1861,1569,7140
2024-06-28 08:30:00,10516,6362,1949,1580,7182
2024-06-28 09:00:00,9847,6064,1938,1567,7079
2024-06-28 09:30:00,9209,5765,1817,1562,6700
2024-06-28 10:00:00,8546,5423,1743,1538,6171
2024-06-28 10:30:00,7930,5246,1676,1507,5760
2024-06-28 11:00:00,7566,5035,1805,1454,5321
2024-06-28 11:30:00,7131,4980,1861,1456,5062
2024-06-28 12:00:00,6794,4924,1904,1413,4909
2024-06-28 12:30:00,6579,4909,1899,1399,4716
2024-06-28 13:00:00,6480,4945,1901,1401,4626
2024-06-28 13:30:00,6468,5031,1943,1381,4667
2024-06-28 14:00:00,6590,5188,1950,1367,4731
2024-06-28 14:30:00,6808,5337,1952,1394,4860
2024-06-28 15:00:00,7145,5565,1956,1392,5280
2024-06-28 15:30:00,7563,5892,1993,1400,5714
2024-06-28 16:00:00,8203,6266,2006,1409,6012
2024-06-28 16:30:00,8933,6635,2045,1434,6317
2024-06-28 17:00:00,9707,6979,2086,1431,6635
2024-06-28 17:30:00,10402,7244,2137,1435,6932
2024-06-28 18:00:00,10956,7425,2184,1453,7122
2024-06-28 18:30:00,11051,7392,2233,1425,7106
2024-06-28 19:00:00,10974,7312,2240,1415,7026
2024-06-28 19:30:00,10791,7170,2205,1397,6912
2024-06-28 20:00:00,10658,7130,2158,1381,6784
2024-06-28 20:30:00,10573,7062,2122,1352,6692
2024-06-28 21:00:00,10447,6913,2063,1356,6566
2024-06-28 21:30:00,10219,6774,1996,1349,6442
2024-06-28 22:00:00,9939,6630,1903,1328,6174
2024-06-28 22:30:00,9772,6491,1819,1303,5689
2024-06-28 23:00:00,9461,6276,1731,1285,5582
2024-06-28 23:30:00,9224,6113,1651,1259,5740
2024-06-29 00:00:00,8992,5928,1677,1231,5618
2024-06-29 00:30:00,8786,5801,1696,1204,5409
2024-06-29 01:00:00,8556,5669,1676,1194,5218
2024-06-29 01:30:00,8304,5606,1645,1168,5092
2024-06-29 02:00:00,8003,5549,1611,1155,4894
2024-06-29 02:30:00,7782,5505,1560,1154,4742
2024-06-29 03:00:00,7624,5475,1504,1151,4634
2024-06-29 03:30:00,7430,5465,1441,1151,4589
2024-06-29 04:00:00,7430,5449,1389,1153,4514
2024-06-29 04:30:00,7346,5489,1366,1144,4511
2024-06-29 05:00:00,7390,5546,1365,1142,4537
2024-06-29 05:30:00,7521,5617,1357,1152,4603
2024-06-29 06:00:00,7712,5709,1357,1162,4690
2024-06-29 06:30:00,8035,5870,1372,1179,4867
2024-06-29 07:00:00,8472,5981,1417,1196,5024
2024-06-29 07:30:00,8971,6039,1473,1225,5296
2024-06-29 08:00:00,9349,6020,1547,1275,5518
2024-06-29 08:30:00,9642,5936,1634,1326,5773
2024-06-29 09:00:00,9650,5580,1736,1358,5981
2024-06-29 09:30:00,9444,5248,1780,1365,6116
2024-06-29 10:00:00,8768,4962,1805,1375,6166
2024-06-29 10:30:00,8011,4850,1787,1376,6195
2024-06-29 11:00:00,7361,4927,1806,1345,6214
2024-06-29 11:30:00,6972,5098,1790,1212,6280
2024-06-29 12:00:00,7187,5414,1798,1239,6231
2024-06-29 12:30:00,7003,5527,1727,1315,6212
2024-06-29 13:00:00,6558,5308,1588,1291,6201
2024-06-29 13:30:00,6673,5368,1597,1259,6256
2024-06-29 14:00:00,7021,5590,1576,1250,6292
2024-06-29 14:30:00,7213,5711,1538,1257,6265
2024-06-29 15:00:00,7485,5865,1584,1248,6243
2024-06-29 15:30:00,7681,6067,1668,1265,6279
2024-06-29 16:00:00,8176,6364,1687,1280,6384
2024-06-29 16:30:00,8708,6575,1737,1314,6478
2024-06-29 17:00:00,9342,6821,1836,1390,6660
2024-06-29 17:30:00,9874,7062,1948,1452,6899
2024-06-29 18:00:00,10187,7093,2051,1483,7030
2024-06-29 18:30:00,10140,7054,2126,1480,6993
2024-06-29 19:00:00,10054,6924,2120,1470,6879
2024-06-29 19:30:00,9801,6778,2090,1453,6725
2024-06-29 20:00:00,9634,6823,2057,1431,6590
2024-06-29 20:30:00,9501,6794,2026,1419,6480
2024-06-29 21:00:00,9396,6639,1985,1405,6352
2024-06-29 21:30:00,9170,6511,1939,1381,6209
2024-06-29 22:00:00,8971,6384,1898,1379,6058
2024-06-29 22:30:00,8789,6313,1823,1350,5844
2024-06-29 23:00:00,8596,6131,1748,1316,5694
2024-06-29 23:30:00,8357,5993,1671,1294,5714
2024-06-30 00:00:00,8121,5845,1683,1264,5648
2024-06-30 00:30:00,7972,5687,1675,1236,5443
2024-06-30 01:00:00,7764,5560,1660,1233,5293
2024-06-30 01:30:00,7509,5473,1596,1233,5169
2024-06-30 02:00:00,7245,5431,1554,1227,5026
2024-06-30 02:30:00,7061,5414,1517,1231,4871
2024-06-30 03:00:00,6907,5361,1493,1231,4775
2024-06-30 03:30:00,6820,5352,1490,1237,4746
2024-06-30 04:00:00,6777,5342,1440,1233,4676
2024-06-30 04:30:00,6765,5367,1416,1240,4659
2024-06-30 05:00:00,6760,5387,1385,1242,4642
2024-06-30 05:30:00,6816,5416,1363,1245,4716
2024-06-30 06:00:00,6893,5475,1358,1270,4831
2024-06-30 06:30:00,7054,5630,1375,1283,4972
2024-06-30 07:00:00,7308,5677,1410,1304,5116
2024-06-30 07:30:00,7616,5704,1451,1328,5313
2024-06-30 08:00:00,7994,5701,1525,1376,5546
2024-06-30 08:30:00,8341,5668,1594,1432,5811
2024-06-30 09:00:00,8442,5425,1598,1485,5854
2024-06-30 09:30:00,8729,5086,1517,1484,5888
2024-06-30 10:00:00,8688,4815,1379,1497,5770
2024-06-30 10:30:00,8563,4720,1239,1484,5543
2024-06-30 11:00:00,8596,4696,1236,1443,5337
2024-06-30 11:30:00,8677,4542,1228,1408,5240
2024-06-30 12:00:00,8611,4392,1170,1370,4895
2024-06-30 12:30:00,8555,4291,1175,1367,4817
2024-06-30 13:00:00,8498,4245,1218,1354,4974
2024-06-30 13:30:00,8437,4356,1194,1343,5054
2024-06-30 14:00:00,8461,4516,1265,1328,4995
2024-06-30 14:30:00,8650,4778,1235,1305,5049
2024-06-30 15:00:00,8820,5154,1254,1352,5248
2024-06-30 15:30:00,9124,5520,1375,1369,5634
2024-06-30 16:00:00,9483,5947,1486,1415,5864
2024-06-30 16:30:00,9923,6398,1584,1463,6127
2024-06-30 17:00:00,10397,6613,1754,1517,6494
2024-06-30 17:30:00,10825,6931,1926,1550,6917
2024-06-30 18:00:00,11180,7124,2098,1587,7228
2024-06-30 18:30:00,11195,7164,2218,1594,7298
2024-06-30 19:00:00,11114,7049,2229,1577,7219
2024-06-30 19:30:00,10893,6915,2205,1551,7158
2024-06-30 20:00:00,10710,6940,2172,1513,6996
2024-06-30 20:30:00,10502,6876,2138,1500,6877
2024-06-30 21:00:00,10298,6705,2071,1492,6718
2024-06-30 21:30:00,9969,6546,2010,1467,6485
2024-06-30 22:00:00,9607,6399,1924,1417,6283
2024-06-30 22:30:00,9328,6286,1828,1372,5971
2024-06-30 23:00:00,8983,6123,1723,1345,5775
2024-06-30 23:30:00,8734,5956,1615,1317,5721